<applican-configuration>
	<property name="GOOGLE_ANALYTICS_DISPATCH_PERIOD">30</property>
	<property name="GOOGLE_ANALYTICS_TRACKING">false</property>
	<property name="GOOGLE_ANALYTICS_TRACKING_ID"></property>

	<property name="KEEP_SCREEN_ON">false</property>

	<property name="NATIVE_SLIDE_MENU">false</property>
	<property name="NATIVE_SLIDE_MENU_DEFAULT_COUNT">5</property>
	<property name="NATIVE_SLIDE_MENU_DEFAULT_IMAGES"></property>
	<property name="NATIVE_SLIDE_MENU_DEFAULT_RESET">false</property>
	<property name="NATIVE_SLIDE_MENU_DEFAULT_URLS"></property>
	<property name="NATIVE_SLIDE_MENU_HEIGHT">40</property>
	<property name="NATIVE_SLIDE_MENU_POSITION">top</property>
	<property name="NATIVE_SLIDE_MENU_WIDTH">80</property>

	<property name="NATIVE_TAB_AUTO_RELOAD1">false</property>
	<property name="NATIVE_TAB_AUTO_RELOAD2">true</property>
	<property name="NATIVE_TAB_AUTO_RELOAD3">false</property>
	<property name="NATIVE_TAB_AUTO_RELOAD4">false</property>
	<property name="NATIVE_TAB_AUTO_RELOAD5">false</property>
	<property name="NATIVE_TAB_BAR">false</property>
	<property name="NATIVE_TAB_BADGE_TEXT_COLOR">#ffffff</property>
	<property name="NATIVE_TAB_COUNT">5</property>
	<property name="NATIVE_TAB_DEFAULT_URL"></property>
	<property name="NATIVE_TAB_HEIGHT">40</property>
	<property name="NATIVE_TAB_POSITION">bottom</property>
	<property name="NATIVE_TAB_TAP_RELOAD">true</property>
	<property name="NATIVE_TAB_URL1"></property>
	<property name="NATIVE_TAB_URL2"></property>
	<property name="NATIVE_TAB_URL3"></property>
	<property name="NATIVE_TAB_URL4"></property>
	<property name="NATIVE_TAB_URL5"></property>

	<property name="NAVIGATION_BAR">true</property>

	<property name="PULL_TO_REFRESH">true</property>

	<property name="RESUME_RELOAD">false</property>

	<property name="SCREEN_ORIENTATION_LANDSCAPE">true</property>
	<property name="SCREEN_ORIENTATION_PORTRAIT">true</property>

	<property name="STATUS_BAR">true</property>

	<property name="WEBVIEW_BOUNCES">true</property>
	<property name="WEBVIEW_BACK">true</property>
	<property name="WEBVIEW_HARDWARE_BACK_BUTTON">false</property>
	<property name="WEBVIEW_USER_AGENT"></property>
</applican-configuration>
